Descriptor,Values
nAcid,0.006762598202140332
nBase,0.02079996254206047
SpMax_A,0.01434002128819083
SpDiam_A,0.01494658733441824
SpAD_A,0.004206641115460583
SpMAD_A,0.0035951587748269953
LogEE_A,0.004234019832021423
VE1_A,0.007481267060508924
VE2_A,0.006120165040894333
VE3_A,0.0043824732350244144
VR1_A,0.0014809988437922625
VR2_A,0.002277698835842664
VR3_A,0.007435481863391442
nHeavyAtom,0.0036373711317434013
nSpiro,-0.00046576235377055364
nBridgehead,0.001485679284276291
nHetero,0.00870160515663921
nH,0.002563724080768312
nC,0.006187411688602207
nN,0.02065767107553613
nO,0.004661510137499034
nS,0.024292638475165433
nX,0.005637605263350845
ATS0dv,0.0035861805515581546
ATS1dv,0.00846945765613321
ATS2dv,0.006158786245821203
ATS3dv,0.007223241318531276
ATS4dv,0.007730219322708745
ATS5dv,0.008633424101758186
ATS6dv,0.00908153416588825
ATS7dv,0.007630310260753281
ATS8dv,0.008057534871634638
ATS0d,0.0033209513503824548
ATS1d,0.0032203896699450826
ATS2d,0.003200624660700077
ATS5d,0.003545211881077724
ATS6d,0.004573062098324351
ATS7d,0.006157915776318808
ATS8d,0.005918701219346831
ATS0s,0.004071555661113203
ATS1s,0.005750503465857537
ATS2s,0.001347601528504598
ATS3s,0.002273349550064842
ATS4s,0.002194521008810957
ATS5s,0.004549208294223013
ATS6s,0.004587959640893577
ATS7s,0.004526379411538987
ATS8s,0.004306821709779682
ATS0Z,0.007195777601263255
ATS1Z,0.003945147325688403
ATS2Z,0.005028193634290377
ATS3Z,0.004155494330770171
ATS4Z,0.005747742343770977
ATS5Z,0.007123751210322771
ATS6Z,0.009542929469412958
ATS7Z,0.008701778501232167
ATS8Z,0.00818316870289413
ATS0m,0.006377891088967476
ATS1m,0.004166974645264852
ATS2m,0.005555621116133884
ATS3m,0.004494980551276229
ATS4m,0.0063968047218552135
ATS5m,0.008020233048412241
ATS6m,0.011281821786501396
ATS7m,0.00900069884499774
ATS8m,0.008569446725824055
ATS0v,0.004495331299620105
ATS1v,0.003534537989038862
ATS2v,0.0034586207852363715
ATS6v,0.00475936372755878
ATS7v,0.00689725932383678
ATS8v,0.008013540543777904
ATS0se,0.0018472421724304092
ATS1se,0.0024544643599244687
ATS3se,0.002150472557370324
ATS4se,0.0017988299375515798
ATS5se,0.0030957302250205765
ATS6se,0.004692266408768457
ATS7se,0.004594519852913877
ATS8se,0.005550116973081255
ATS0are,0.0018076865792476318
ATS1are,0.0026097954633544224
ATS2are,0.0018544877880194016
ATS3are,0.0021317961290799256
ATS4are,0.0017540123126685847
ATS5are,0.0030898747942078517
ATS6are,0.004752949318470784
ATS7are,0.004838886075805189
ATS8are,0.005741928687619753
ATS0p,0.006012523419269257
ATS1p,0.004095794406180325
ATS2p,0.0038738903641422143
ATS6p,0.004754172657351979
ATS7p,0.006384368168648874
ATS8p,0.007727320627524098
ATS1i,0.002835911966441562
ATS2i,0.001979177924677271
ATS3i,0.0025607893376081714
ATS4i,0.0020140312337251637
ATS5i,0.0032386710637619734
ATS6i,0.005297909795704152
ATS7i,0.004862559427065295
ATS8i,0.005631461119851189
AATS0dv,0.005907408609096873
AATS1dv,0.009078377993898955
AATS2dv,0.008861784045365077
AATS3dv,0.01195560207906101
AATS4dv,0.01458375900901452
AATS5dv,0.01232097256237058
AATS6dv,0.012000674463181801
AATS7dv,0.011294207173132842
AATS8dv,0.012043457604390677
AATS0d,0.010280413989376527
AATS1d,0.009943080219322456
AATS2d,0.009625513965625818
AATS3d,0.010785230457622946
AATS4d,0.0102192163660043
AATS5d,0.013756116914431765
AATS6d,0.014781931156250497
AATS7d,0.014920646856930446
AATS8d,0.01384375195837425
AATS0s,0.0077381017193389745
AATS1s,0.007697606778889657
AATS2s,0.0033554344710170214
AATS3s,0.007912425930682053
AATS4s,0.006757233258589582
AATS5s,0.01243651394499419
AATS6s,0.005999660117240756
AATS7s,0.00930741107088548
AATS8s,0.009605007340389854
AATS0Z,0.008673935152558397
AATS1Z,0.011282254727743052
AATS2Z,0.01128564666978353
AATS3Z,0.011583423731503312
AATS4Z,0.01205417596035558
AATS5Z,0.016098237691042544
AATS6Z,0.01691773061006986
AATS7Z,0.016756429799860507
AATS8Z,0.014323518347782269
AATS0m,0.00727008624164957
AATS1m,0.010787919364699444
AATS2m,0.010954757286950341
AATS3m,0.011145960854672128
AATS4m,0.012287170709334327
AATS5m,0.01606583214092229
AATS6m,0.01648106927582644
AATS7m,0.015619637509385581
AATS8m,0.014168392347127627
AATS0v,0.010031832329552182
AATS1v,0.010201510563664612
AATS2v,0.00979571694673348
AATS3v,0.015319140529598499
AATS4v,0.010435598142890662
AATS5v,0.012552365328255821
AATS6v,0.018411301666402972
AATS7v,0.017094655539579458
AATS8v,0.01452243879935905
AATS0se,0.005779036472446694
AATS1se,0.0075304743019293935
AATS2se,0.004573445076523408
AATS3se,0.008867573762820935
AATS4se,0.008972297535548943
AATS5se,0.011567951420894756
AATS6se,0.009376015589925561
AATS7se,0.010333726465010913
AATS8se,0.008373198297283134
AATS0pe,0.005560332143310198
AATS1pe,0.008265852787309569
AATS2pe,0.0047267924659069385
AATS3pe,0.00804039362753231
AATS4pe,0.008891118467634365
AATS5pe,0.010590492507703539
AATS6pe,0.009553287627797821
AATS7pe,0.010533947374124913
AATS8pe,0.008842615846316758
AATS0are,0.005564590404653562
AATS1are,0.009388442051815438
AATS2are,0.0049240674642618484
AATS3are,0.008473575480568818
AATS4are,0.009436177830989052
AATS5are,0.010660043209395995
AATS6are,0.00913776410597296
AATS7are,0.00983383764909683
AATS8are,0.00853136193001982
AATS0p,0.014574618562556811
AATS1p,0.01549005747732582
AATS2p,0.012035173063381872
AATS3p,0.015282838429542943
AATS4p,0.011042601006544826
AATS5p,0.012609737654686051
AATS6p,0.020096334848222715
AATS7p,0.020386878771208365
AATS8p,0.016102434452761237
AATS0i,0.013860459252005707
AATS1i,0.017522837152692414
AATS2i,0.013806512569929028
AATS3i,0.018530444283322844
AATS4i,0.015189247344741232
AATS5i,0.013035003536119208
AATS6i,0.01638239566635618
AATS7i,0.022074728033252333
AATS8i,0.014822380679404869
ATSC0c,0.00967836906585634
ATSC1c,0.01132498057985902
ATSC2c,0.009049784957586876
ATSC3c,0.014800889072460827
ATSC4c,0.01009276247270846
ATSC5c,0.011180320627095591
ATSC6c,0.007782396709075823
ATSC7c,0.0054337853418848225
ATSC8c,0.0018549819812497953
ATSC0dv,0.0013639769171290492
ATSC1dv,0.006573818569886453
ATSC2dv,0.004389639108778029
ATSC3dv,0.003947189211372215
ATSC4dv,0.006001345231418043
ATSC5dv,0.0031203312760506446
ATSC6dv,0.008382569105039386
ATSC7dv,0.008923348579810225
ATSC8dv,0.005129064720699246
ATSC0d,0.0016430210584387345
ATSC1d,0.002548180488948344
ATSC2d,0.0038687304182797796
ATSC3d,0.007467094527987522
ATSC4d,0.009125961876565725
ATSC5d,0.010182736824544417
ATSC6d,0.00963778720695007
ATSC7d,0.008947504162383782
ATSC8d,0.011855316282314093
ATSC0s,0.005852555449427303
ATSC1s,-0.0001837210414957144
ATSC2s,0.0015634061013621893
ATSC3s,0.0011336040781644054
ATSC4s,0.002193043351255173
ATSC5s,0.001411182158170786
ATSC6s,0.0017712188725869799
ATSC7s,0.001842025322291968
ATSC8s,0.0016048112519720763
ATSC0Z,0.006440938248263084
ATSC1Z,0.003268874890389701
ATSC2Z,0.008227206197539173
ATSC3Z,0.0026500227115330705
ATSC4Z,0.0023803670884033137
ATSC5Z,0.0014353719915525809
ATSC6Z,0.005623004998282541
ATSC7Z,0.006993455091139286
ATSC8Z,0.003531779067460973
ATSC0m,0.005158890770465802
ATSC1m,0.0033843596359080796
ATSC2m,0.008132963139648203
ATSC3m,0.0026057399562219585
ATSC4m,0.0023128207901010056
ATSC5m,0.001647114664975996
ATSC6m,0.005821652890453666
ATSC7m,0.006966155643194222
ATSC8m,0.0035952460458155353
ATSC0v,0.0030695901046901217
ATSC1v,0.007301130578944978
ATSC2v,0.006025427887852833
ATSC3v,0.0014275845852303043
ATSC4v,0.0014743435791253062
ATSC5v,0.010450998808644668
ATSC6v,0.009070138471905909
ATSC7v,0.014203311315362538
ATSC8v,0.00877485394891734
ATSC0se,0.002481575825418067
ATSC1se,0.013552681328201657
ATSC2se,0.004390981490262728
ATSC3se,0.0023782692900782137
ATSC4se,0.003453315174702966
ATSC5se,0.0038118345446859214
ATSC6se,0.004819762612029016
ATSC7se,0.0053600270750917
ATSC8se,0.004415314999025831
ATSC1pe,0.01634520935787437
ATSC0are,0.002058288778885392
ATSC1are,0.017532996697835396
ATSC2are,0.0035995148697917367
ATSC3are,0.001586276976367304
ATSC4are,0.0029442854321863124
ATSC5are,0.0039051715012497074
ATSC6are,0.004202306592296139
ATSC7are,0.005353577139014423
ATSC8are,0.004415846790174677
ATSC0p,0.00859701799146144
ATSC1p,0.005542119538269816
ATSC2p,0.008828728215235379
ATSC3p,0.003585146054061128
ATSC4p,0.0033994405094496735
ATSC5p,0.014634176794800807
ATSC6p,0.010978661276526802
ATSC7p,0.020664373749418333
ATSC8p,0.008848775124866454
ATSC0i,0.004112839035952706
ATSC1i,0.011761685377459002
ATSC2i,0.015052355324635336
ATSC3i,0.01000902983438131
ATSC4i,0.007472950231688327
ATSC5i,0.019459060452902174
ATSC6i,0.009177802637943266
ATSC7i,0.014450000221898462
ATSC8i,0.012675684273849977
AATSC0c,0.008280196756399155
AATSC1c,0.012259196785283352
AATSC2c,0.013073666598203373
AATSC3c,0.014150910985096521
AATSC4c,0.01170163169194604
AATSC5c,0.011511460173448465
AATSC6c,0.008863874226930343
AATSC7c,0.007198790875231564
AATSC8c,0.0033995610620922226
AATSC0dv,0.006161837496921896
AATSC1dv,0.011999155544861362
AATSC2dv,0.007971243189023994
AATSC3dv,0.007616562730785259
AATSC4dv,0.010048968845968217
AATSC5dv,0.006440920043633322
AATSC6dv,0.011671410350154787
AATSC7dv,0.012078327603600045
AATSC8dv,0.010131311002842522
AATSC0d,0.007998905572570492
AATSC1d,0.004628162850642867
AATSC2d,0.007105191866652288
AATSC3d,0.01012638683414245
AATSC4d,0.008407308958716782
AATSC5d,0.013956694603194195
AATSC6d,0.014161428573927104
AATSC7d,0.019052054779920405
AATSC8d,0.012779736638763306
AATSC0s,0.010236438002995174
AATSC1s,0.0009642271827266999
AATSC2s,0.0025478409661441256
AATSC3s,0.004205760621289349
AATSC4s,0.004308479874294328
AATSC5s,0.0029352981701844735
AATSC6s,0.0030334553799433485
AATSC7s,0.004090482311323813
AATSC8s,0.004184234874220309
AATSC0Z,0.007157208541789556
AATSC1Z,0.005923031810255254
AATSC2Z,0.012216091465232295
AATSC3Z,0.004713008065209044
AATSC4Z,0.005170068036104369
AATSC5Z,0.0031394588122635736
AATSC6Z,0.006128189192816588
AATSC7Z,0.008202364370474557
AATSC8Z,0.0044244182861199535
AATSC0m,0.005785992296333357
AATSC1m,0.006193214941159
AATSC2m,0.01169363460662494
AATSC3m,0.004836861323008035
AATSC4m,0.0049704222729990005
AATSC5m,0.003324102611678287
AATSC6m,0.006617463032940724
AATSC7m,0.008158946311461468
AATSC8m,0.0043889276570905356
AATSC0v,0.010478377499949766
AATSC1v,0.008484137046178272
AATSC2v,0.007319810192332438
AATSC3v,0.003842299398817098
AATSC4v,0.0034428311133165856
AATSC5v,0.014611496014565753
AATSC6v,0.013088104850635857
AATSC7v,0.014407426985107025
AATSC8v,0.012992117239263759
AATSC0se,0.0063137493840198095
AATSC1se,0.015574902301189783
AATSC2se,0.005927897414717172
AATSC3se,0.005574796824439003
AATSC4se,0.006354867435601916
AATSC5se,0.00666898641336406
AATSC6se,0.007404810440716565
AATSC7se,0.0067980195950277725
AATSC8se,0.009704572099118958
AATSC0pe,0.0059753279389863495
AATSC1pe,0.017048724762827275
AATSC0are,0.005731463893796494
AATSC1are,0.01750548983232386
AATSC2are,0.005164656585281584
AATSC3are,0.004430409938789008
AATSC4are,0.006026843998928291
AATSC5are,0.007012565492802589
AATSC6are,0.006811952582239447
AATSC7are,0.006850852185596175
AATSC8are,0.009140866540060445
AATSC0p,0.024109528133160738
AATSC1p,0.008959467878413035
AATSC2p,0.011174253958226951
AATSC3p,0.005057904483600634
AATSC4p,0.006099641767222011
AATSC5p,0.02007691694773174
AATSC6p,0.014369682779038995
AATSC7p,0.021815420396261553
AATSC8p,0.010604733427076712
AATSC0i,0.008042454914686532
AATSC1i,0.016024602836971602
AATSC2i,0.01594760266435378
AATSC3i,0.012415447131125766
AATSC4i,0.01202240441543545
AATSC5i,0.026874762748625117
AATSC6i,0.011906755992295855
AATSC7i,0.020226321364537017
AATSC8i,0.014604191992943986
MATS1c,0.020668645391439505
MATS2c,0.0213812150920048
MATS3c,0.021671430043963227
MATS4c,0.01609819477349826
MATS5c,0.014656651716052613
MATS6c,0.013402446863182746
MATS7c,0.012031148738729583
MATS8c,0.005737780404331261
MATS1dv,0.008376089873705375
MATS2dv,0.007877114611951522
MATS3dv,0.0073043541388325695
MATS4dv,0.011052516486535269
MATS5dv,0.0054790723665932295
MATS6dv,0.011962548466784892
MATS7dv,0.012151387300494615
MATS8dv,0.010865853899653541
MATS1d,0.004967540311371824
MATS2d,0.009427523694659087
MATS3d,0.011034958621380597
MATS4d,0.00962936690061017
MATS5d,0.013553856679742807
MATS6d,0.01588400745536421
MATS7d,0.0174988826696567
MATS8d,0.013184409176247663
MATS1s,0.0038183666962053886
MATS2s,0.006837956874239617
MATS3s,0.006993836479812429
MATS4s,0.007278392171795267
MATS5s,0.0027244540987364646
MATS6s,0.007847417809532048
MATS7s,0.007038212658672535
MATS8s,0.008062309544827062
MATS1m,0.006439319620811769
MATS2m,0.012039865432801819
MATS3m,0.005740840958245549
MATS4m,0.005779192080293968
MATS5m,0.004769887139482495
MATS6m,0.008531881567842292
MATS7m,0.008555954107570582
MATS8m,0.010176599598555824
MATS1v,0.0078798530787898
MATS2v,0.00743464251469908
MATS3v,0.004116314601274124
MATS4v,0.003441638628431179
MATS5v,0.015543595769459365
MATS6v,0.013802013810295027
MATS7v,0.015399918360435388
MATS8v,0.013335403756500663
MATS1se,0.015436677686640934
MATS3se,0.007340196888620865
MATS5se,0.004404919613993266
MATS6se,0.011036609333608602
MATS7se,0.008268792772049505
MATS8se,0.007568307091735851
MATS1pe,0.013831873504535824
MATS1are,0.015673458260533138
MATS2are,0.007379135838337783
MATS3are,0.005630794586724511
MATS4are,0.008920728033556174
MATS5are,0.00434689407183271
MATS6are,0.01064686231785035
MATS7are,0.008114031973422142
MATS8are,0.00912637245722886
MATS1p,0.0076591371865986635
MATS2p,0.009589468643817572
MATS3p,0.005607851722404855
MATS4p,0.006383314119201747
MATS5p,0.020942954415507406
MATS6p,0.016355343334074804
MATS7p,0.02382788128728372
MATS8p,0.011798191250236081
MATS1i,0.012910740349145494
MATS2i,0.01609081595167243
MATS3i,0.01626691077161166
MATS4i,0.011555130928254234
MATS5i,0.023637819012713182
MATS6i,0.017738994515916345
MATS7i,0.01909683237212846
MATS8i,0.016353399984393488
GATS1c,0.018012345788858547
GATS2c,0.011564503365705414
GATS3c,0.014790976038169062
GATS4c,0.01858415006791969
GATS5c,0.008462249015052103
GATS6c,0.013261563480469071
GATS7c,0.010106168539193452
GATS8c,0.0058317660323219805
GATS1dv,0.012563498716620908
GATS2dv,0.005959320352566577
GATS3dv,0.00991889791532595
GATS4dv,0.015389420977449081
GATS5dv,0.005221511821876232
GATS6dv,0.011034622374743758
GATS7dv,0.016382496545189015
GATS8dv,0.009559548523516107
GATS1d,0.005276641977121237
GATS2d,0.008716284509000222
GATS3d,0.0067674006117643265
GATS4d,0.010504878131267381
GATS5d,0.012283539141813654
GATS6d,0.016401241360371424
GATS7d,0.01936230997519675
GATS8d,0.00911985477212826
GATS1s,0.0067042567107773315
GATS2s,0.009987315646741227
GATS3s,0.005172420279152906
GATS4s,0.0066521118965893605
GATS5s,0.006998500747232725
GATS6s,0.00851671417617647
GATS7s,0.011894230985451434
GATS8s,0.008611133306400759
GATS1m,0.011866328733219189
GATS2m,0.011681965419879217
GATS3m,0.006074422336804622
GATS4m,0.012879698273569398
GATS5m,0.008847468280057239
GATS6m,0.011086492429138867
GATS7m,0.01094650345583495
GATS8m,0.005073438899151413
GATS1v,0.006119707538341762
GATS2v,0.0073483090727963635
GATS3v,0.005242590605707573
GATS4v,0.004260495039088971
GATS5v,0.018293171678464906
GATS6v,0.016939996542503347
GATS7v,0.01779263488186568
GATS8v,0.01242630852531236
GATS1se,0.013487082416318116
GATS2se,0.005136764923495157
GATS4se,0.009589598327637894
GATS5se,0.007166378423729247
GATS6se,0.01047329357278129
GATS7se,0.010986735416511573
GATS8se,0.010080551014317263
GATS1pe,0.014816711699572285
GATS1are,0.01587788891117542
GATS2are,0.004744385901460424
GATS3are,0.010361236825020978
GATS4are,0.010972826805740216
GATS5are,0.007538354401477501
GATS6are,0.01144509385612176
GATS7are,0.013089110376730745
GATS8are,0.010183910082156564
GATS1p,0.01295251876502318
GATS2p,0.008295697528472673
GATS3p,0.00508128753942174
GATS4p,0.011677564932684292
GATS5p,0.015581727624448469
GATS6p,0.014376635535480561
GATS7p,0.026094937661785583
GATS8p,0.010697390384114408
GATS1i,0.013613735748997227
GATS2i,0.015256209211995386
GATS3i,0.008730010191820008
GATS4i,0.011338424214409698
GATS5i,0.02395067425069343
GATS6i,0.016290443792181197
GATS7i,0.01682552304737192
GATS8i,0.015521699147819014
BCUTc-1h,0.009063971296539533
BCUTc-1l,0.013650939093414166
BCUTdv-1h,0.0025538772482216338
BCUTdv-1l,0.0152581400291497
BCUTd-1h,0.008488824187569716
BCUTd-1l,0.012431925294553503
BCUTs-1h,0.019689963661876295
BCUTs-1l,0.04197140777976868
BCUTZ-1h,0.01802531991199268
BCUTZ-1l,0.004823993129630241
BCUTm-1h,0.01521122939720735
BCUTm-1l,0.00457661631064004
BCUTv-1h,0.042307626520715506
BCUTv-1l,0.003713963532694556
BCUTse-1h,0.0015019665877331334
BCUTse-1l,0.027285118702431818
BCUTpe-1h,0.0031459489112695416
BCUTpe-1l,0.016733154933281078
BCUTare-1h,0.0028818367706127807
BCUTare-1l,0.021162175204567764
BCUTp-1h,0.059386823006634046
BCUTp-1l,0.0029122349613903975
BCUTi-1h,0.00625873425410485
BCUTi-1l,0.07101809239739233
BalabanJ,0.008735017864186803
SM1_DzZ,0.005407649371450157
SpMAD_Dzm,0.0071389328039244485
SM1_Dzm,0.0050222004742250725
SpDiam_Dzv,0.003421083227939256
SpAD_Dzv,0.002948804976969928
SpMAD_Dzv,0.005092922747921856
LogEE_Dzv,0.0029286987332682174
SM1_Dzv,0.005989930238251994
SM1_Dzse,0.003784909776595964
SM1_Dzpe,0.004731508571480643
SM1_Dzare,0.0047615256441411805
SpDiam_Dzp,0.004660547906710326
SpAD_Dzp,0.0035755667853737266
SpMAD_Dzp,0.006364796061041594
LogEE_Dzp,0.0036173440371300297
SM1_Dzp,0.005745011585456372
SpDiam_Dzi,0.0031022226874653017
SpMAD_Dzi,0.005391167515085428
LogEE_Dzi,0.0025334870351422303
SM1_Dzi,0.010356956028080483
BertzCT,0.008600739703566111
nBonds,0.0026147902777987272
nBondsS,0.0025753079060560416
nBondsD,0.011147704039452831
nBondsA,0.013199864215905483
nBondsM,0.013648433521277061
nBondsKS,0.002490444857017618
nBondsKD,0.01750059340977151
RNCG,0.015992942863308143
RPCG,0.014817157103752414
C2SP1,0.002764838229041348
C1SP2,0.02973073863809937
C2SP2,0.024922492502913528
C3SP2,0.0316293544431378
C1SP3,0.009234639359073184
C2SP3,-0.0016772619041816594
C3SP3,-0.0033058587033528465
C4SP3,-0.0012337108316533788
FCSP3,0.00907186681979695
Xch-4d,-0.0027754382662108267
Xch-5d,0.005855106316624236
Xch-6d,0.0050566326008013515
Xch-7d,0.006165052184315581
Xch-3dv,-0.0022595403096950786
Xch-4dv,-0.002424884024725106
Xch-5dv,0.004317936915128936
Xch-6dv,0.00563240755699564
Xch-7dv,0.007022371847393773
Xc-3d,0.0010681628494448106
Xc-4d,0.0008661024349042382
Xc-5d,0.003849394427219932
Xc-6d,0.0005333770748830353
Xc-3dv,0.002564822219605571
Xc-4dv,5.836462551454119e-05
Xc-5dv,0.003638162524136644
Xc-6dv,0.00035897336336689675
Xpc-4d,0.004461048696110213
Xpc-5d,0.005076052388421744
Xpc-6d,0.005586736174743381
Xpc-4dv,0.00757972721175755
Xpc-5dv,0.010620030063115168
Xpc-6dv,0.00911036295702139
Xp-0d,0.003523464961402205
Xp-2d,0.003266411122479135
Xp-3d,0.0045349729993266336
Xp-4d,0.005199864021639196
Xp-5d,0.0049715204342217975
Xp-6d,0.005145239632668802
Xp-7d,0.005391684599562033
AXp-0d,0.00910128453171205
AXp-1d,0.00974291200824176
AXp-2d,0.0063413226597463165
AXp-3d,0.010259651768737221
AXp-4d,0.012779679560488304
AXp-5d,0.013108067837481127
AXp-6d,0.013833403229787988
AXp-7d,0.013822464358723245
Xp-1dv,0.004103305868945237
Xp-2dv,0.004298669177534395
Xp-3dv,0.006430792755351571
Xp-4dv,0.008839399860263768
Xp-5dv,0.008384639074133324
Xp-6dv,0.01057982053888605
Xp-7dv,0.010402299589370077
AXp-1dv,0.012898117470671246
AXp-2dv,0.011582952684633559
AXp-3dv,0.015109362452882191
AXp-4dv,0.01533722871530134
AXp-5dv,0.012269726815377698
AXp-6dv,0.012397465097931864
AXp-7dv,0.012831899010541489
SZ,0.0036294734890795557
Sm,0.0039045027812372735
Sv,0.0031034262066900672
Sare,0.0021092339804558435
Sp,0.0031969045648498964
Si,0.0022968110767949135
MZ,0.009218281734670528
Mm,0.00885208202573999
Mv,0.008906963017111205
Mse,0.005826402654621657
Mpe,0.005678617168380154
Mare,0.005745494644223879
Mp,0.01132455476159313
Mi,0.014605879139429442
SpDiam_D,0.003726078323761123
SpAD_D,0.0033033600177512362
SpMAD_D,0.0059547926165424425
LogEE_D,0.003307521534356289
VE1_D,0.0038103932720625483
VE2_D,0.004148798513893458
VE3_D,0.003957326099973776
VR1_D,0.003977237286586464
VR2_D,0.005421506135367897
VR3_D,0.00425159514963943
NsCH3,0.003154654350254027
NdCH2,-0.000942670846237479
NssCH2,0.00417267759917421
NtCH,0.006076347535884828
NdsCH,0.0025437003943478073
NaaCH,0.018707167537062086
NsssCH,0.007088962125094231
NtsC,-0.014336502867595143
NdssC,0.014508588970227228
NaasC,0.017913322247113304
NaaaC,0.01674022750536952
NssssC,-0.0002645190971014809
NsNH2,-0.002826648284554749
NssNH,0.01720588209224587
NaaNH,0.053518233225000635
NtN,-0.012586192810695979
NdsN,0.004085796143426051
NaaN,0.028458700701883083
NsssN,0.004962825704080971
NaasN,0.06656652792609831
NsOH,0.00838263416229245
NdO,0.006793635053237358
NssO,0.00617189249701014
NaaO,-0.0015334605001655812
NsF,0.004446529626164555
NdS,0.0390261208224613
NssS,4.127952004254025e-05
NaaS,0.026069572489101585
NddssS,0.0013717708960025183
NsCl,-6.499234818612212e-05
NsBr,0.001588921866065669
SsCH3,0.0038968343318905863
SdCH2,-0.0008423249262019677
SssCH2,-0.00013541947504576435
StCH,0.006006308594521068
SdsCH,0.0022075919756286205
SaaCH,0.016946572665417055
SsssCH,0.0009484155269741806
StsC,-0.009683914660655827
SdssC,0.00427843413571409
SaasC,0.01812265644313381
SaaaC,0.013047318197421304
SssssC,0.0005566593741397653
SsNH2,-0.002249122060787201
SssNH,0.018223782101063596
SaaNH,0.05399670339198655
StN,-0.012368147878491678
SdsN,0.003982639154236396
SaaN,0.028347013938211506
SsssN,0.005665159780688149
SaasN,0.04877010908739689
SsOH,0.006936266081960497
SdO,0.006322749580668585
SssO,0.006897615191432699
SaaO,-0.0014256426136996184
SsF,0.004888079431816808
SdS,0.037176480419769904
SssS,0.00037853291633130684
SaaS,0.023171966386288018
SddssS,0.00096775222246691
SsCl,-0.00014382819344173695
SsBr,0.0015821524377916604
ECIndex,0.004008186410664451
AETA_alpha,0.009603105007337687
ETA_shape_p,0.00889470350040203
ETA_shape_y,0.007060007719770528
ETA_shape_x,0.004682726971066881
ETA_beta,0.007829797334818395
AETA_beta,0.008808045388372703
ETA_beta_s,0.0044092494912944535
AETA_beta_s,0.01960443558020336
ETA_beta_ns,0.01185008814299339
AETA_beta_ns,0.008396877557373963
ETA_beta_ns_d,0.019471073027563374
AETA_beta_ns_d,0.01812402378960258
ETA_eta,0.0015556824521007415
AETA_eta,0.0066176390942568886
ETA_eta_L,0.002348093126514031
AETA_eta_L,0.011099527767973058
ETA_eta_R,0.003623870153517665
AETA_eta_R,0.004561846282534504
ETA_eta_RL,0.004374371315405738
AETA_eta_RL,0.0024485158569154952
ETA_eta_F,0.007722237260435548
AETA_eta_F,0.013132931013126396
ETA_eta_FL,0.01074295098059845
AETA_eta_FL,0.012643638127568718
ETA_eta_B,0.0045287970459182494
AETA_eta_B,0.004703252921144544
ETA_eta_BR,0.00448978385156492
AETA_eta_BR,0.004717936545021943
ETA_dAlpha_A,0.0015909254105009336
ETA_dAlpha_B,0.015630070953045874
ETA_epsilon_1,0.0065039939129087
ETA_epsilon_2,0.006873419364818306
ETA_epsilon_3,0.008118171634439397
ETA_epsilon_4,0.009378140905847078
ETA_epsilon_5,0.00964980156454058
ETA_dEpsilon_A,0.0065310866737846515
ETA_dEpsilon_B,0.008970719673590796
ETA_dEpsilon_C,0.009334638319796702
ETA_dEpsilon_D,0.009915659867715074
ETA_dBeta,0.007397074575764377
AETA_dBeta,0.009741844238389932
ETA_psi_1,0.00813796955897543
ETA_dPsi_A,0.0081379695589755
fragCpx,0.004638793404226807
fMF,0.005674792420618038
nHBAcc,0.016475625174878716
nHBDon,0.028719196348679574
IC0,0.012806851836216715
IC1,0.01284132950217709
IC2,0.0058489506310284295
IC3,0.008223948722285199
IC5,0.007430070653952993
TIC0,0.001662951329908631
TIC1,0.003539516907570664
TIC2,0.0022038411238718345
TIC5,0.0030173893943558905
SIC0,0.009373249752965537
SIC1,0.012772512564845823
SIC2,0.00817376430497288
SIC3,0.006644236424048586
SIC5,0.007558858466338268
BIC0,0.009908569863988831
BIC1,0.0139626239518508
BIC2,0.009557242574385755
BIC3,0.008357094944365678
BIC4,0.007804879103612911
BIC5,0.007683354626720762
CIC0,0.006528218794015814
CIC1,0.009632695231794879
CIC2,0.006576070225867106
CIC3,0.005476260742239607
CIC5,0.006233695886802101
MIC0,0.013129111468207333
MIC1,0.011855420519652937
MIC2,0.007908205281067393
MIC5,0.009471081865761698
ZMIC0,0.003971832536170686
ZMIC1,0.013823483004793698
ZMIC2,0.007476843665837583
ZMIC3,0.006909624480799119
ZMIC5,0.004575851073695583
Kier1,0.004939084634588677
Kier2,0.007118035569885876
Kier3,0.006875728123051823
FilterItLogS,0.01845051473767033
VMcGowan,0.0035722537932484644
LabuteASA,0.004250057192002797
PEOE_VSA1,0.01979943685439936
PEOE_VSA2,0.027281274429319366
PEOE_VSA3,0.023582633563329083
PEOE_VSA4,0.011821049470992807
PEOE_VSA5,0.0265251881460907
PEOE_VSA6,0.018637939069836823
PEOE_VSA7,0.014994775718133277
PEOE_VSA8,0.013406328944664536
PEOE_VSA9,0.02109454632698521
PEOE_VSA10,0.02448107799887808
PEOE_VSA11,0.026892515623759133
PEOE_VSA12,0.010669811278416486
PEOE_VSA13,0.00587615904134834
SMR_VSA1,0.004639322048207682
SMR_VSA2,-0.012586192810695972
SMR_VSA3,0.026083880846395423
SMR_VSA4,-0.0027273248337210676
SMR_VSA5,0.008714458603108807
SMR_VSA6,0.006863745123528775
SMR_VSA7,0.016698538359972606
SMR_VSA9,0.024261816243047497
SlogP_VSA1,0.012208348501069208
SlogP_VSA2,0.008583732747111703
SlogP_VSA3,0.029081116118768763
SlogP_VSA4,0.000625865433392464
SlogP_VSA5,0.00555139182664445
SlogP_VSA6,0.022189486919324077
SlogP_VSA7,-0.0008366654015627244
SlogP_VSA8,0.027205939344826006
SlogP_VSA10,0.01711448127223847
SlogP_VSA11,0.013261878321684975
EState_VSA1,0.006431604053804836
EState_VSA2,0.00808153350006223
EState_VSA3,0.013827754975521259
EState_VSA4,0.01702058502171344
EState_VSA5,0.010477201855651638
EState_VSA6,0.01506740156356308
EState_VSA7,0.015049854886838243
EState_VSA8,0.011537827250311161
EState_VSA9,0.012222978041262614
EState_VSA10,0.006190196983795339
VSA_EState1,0.007202189610939054
VSA_EState2,0.02067796967507607
VSA_EState3,0.01564643849908713
VSA_EState4,0.009284808070575162
VSA_EState5,0.006682687034810869
VSA_EState6,0.014497461393052843
VSA_EState7,0.013628746390088417
VSA_EState8,0.006799637756148114
VSA_EState9,0.0022855651334119237
MDEC-22,0.007746965012421378
MDEC-23,0.012068632988846063
MDEC-33,0.007783121377023687
MID,0.004071305699509371
AMID,0.008026144559398561
MID_h,0.009321334313865087
AMID_h,0.016101412597398418
MID_C,0.006423703398737136
AMID_C,0.016946055164198864
MID_N,0.020522739322963245
AMID_N,0.020367650547261168
MID_O,0.004952858668895492
AMID_O,0.008176019344841468
MID_X,0.0059325163569013545
AMID_X,0.009186179989279973
MPC2,0.00411738733316417
MPC3,0.004659528611605256
MPC4,0.004745181393404144
MPC5,0.0052225852207391996
MPC6,0.005751221351306422
MPC7,0.005469633075117091
MPC8,0.004995136575293407
MPC9,0.00427495343062064
MPC10,0.003983008901862895
TMPC10,0.004475864777580555
piPC1,0.0068649879748048925
piPC2,0.007918435131853883
piPC3,0.008521073716164135
piPC4,0.008281534342541856
piPC5,0.009176103803410118
piPC6,0.01107168039096049
piPC7,0.011511435045501766
piPC8,0.011747306913361618
piPC9,0.01181630432495015
piPC10,0.011953628673135212
TpiPC10,0.011719050364158826
apol,0.003196904564849834
bpol,0.00200840390607656
nRing,0.005227080470679383
n6Ring,0.012781464037253089
nHRing,0.02063643445345375
n5HRing,0.03165787160992719
n6HRing,0.03199477288318189
naRing,0.012253802425640368
n6aRing,0.01996797857133594
naHRing,0.03007249974324261
n5aHRing,0.03730638350548614
n6aHRing,0.04240199475505814
nARing,0.003602369111176097
n3ARing,-0.0023410199724200245
n4ARing,-0.0023828924491988215
n5ARing,0.011243908337892468
n6ARing,0.0004891838338456078
n10ARing,0.0009182363014431843
nAHRing,0.011626661113134117
n4AHRing,-0.005470477763528686
n5AHRing,0.014799875140689575
n6AHRing,0.006564569515829892
n7AHRing,0.002055342549460667
n8AHRing,-0.000309724211143512
nG12AHRing,0.0008868451501811826
nFHRing,0.04349918246446941
n9FHRing,0.039042314271120246
nFaHRing,0.03683909111163727
n9FaHRing,0.03553789622370935
n10FaHRing,0.04861002554435692
nFAHRing,0.017380032095207297
n6FAHRing,-0.0005694592019532673
n8FAHRing,0.020802525710027046
n9FAHRing,0.00844340567568646
n10FAHRing,-0.0002951601301258971
n11FAHRing,0.0016835096677890694
n12FAHRing,0.0007385200868616753
nG12FAHRing,0.001953443190998944
nRot,0.014620547840797936
RotRatio,0.017049152287236594
SLogP,0.012768870247989658
SMR,0.006304147958875808
TopoPSA(NO),0.01391705860915951
TopoPSA,0.01516855901827982
GGI1,0.0027943612467095716
GGI2,0.006672274034445182
GGI3,0.007899981956915221
GGI4,0.008687343408640143
GGI5,0.010777732311319357
GGI6,0.00881895974790535
GGI7,0.01528524889498642
GGI8,0.008224636909280547
GGI9,0.00714790030842459
GGI10,0.0060331654008264485
JGI1,0.004147731866856429
JGI2,0.009968051201581465
JGI3,0.008263289444754934
JGI4,0.014749489111968578
JGI5,0.015372398628337225
JGI6,0.01469393800719633
JGI7,0.017455861129226327
JGI8,0.012146812650534897
JGI9,0.013227292591091427
JGI10,0.008802774919969017
JGT10,0.007382243174457681
Diameter,0.0069680094088143685
Radius,0.008388358117911693
TopoShapeIndex,0.0022113768722051286
PetitjeanIndex,0.001888992953882597
Vabc,0.0032328136295072807
VAdjMat,0.004655438857233081
MWC01,0.004204532962390345
MWC02,0.004572219571292349
MWC03,0.004993650586719536
MWC04,0.005352934370991991
MWC05,0.005644338339947964
MWC06,0.0059911148923460986
MWC07,0.006405058914641354
MWC08,0.006816451151948476
MWC09,0.007330797931397251
MWC10,0.007828457528799342
TMWC10,0.004203051460196082
SRW02,0.004426528561801965
SRW03,-0.0025893537153089605
SRW04,0.004428494578854178
SRW05,0.026741552875338907
SRW06,0.004615728917990461
SRW07,0.032219512881778864
SRW08,0.00524516799513234
SRW09,0.03424642803524069
SRW10,0.006070372527523751
TSRW10,0.01286750289979479
MW,0.0038595889964498573
AMW,0.008944271678593185
WPath,0.0021950672078575595
WPol,0.005853903026110593
Zagreb1,0.004455892052026587
Zagreb2,0.005056665745748375
mZagreb1,0.0031884756018531885
mZagreb2,0.003609324005061712
